-- phpMyAdmin SQL Dump
-- version 4.4.15
-- http://www.phpmyadmin.net
--
-- Host: localhost
-- Generation Time: Dec 03, 2017 at 04:02 AM
-- Server version: 5.5.53
-- PHP Version: 5.6.31

SET SQL_MODE = "NO_AUTO_VALUE_ON_ZERO";
SET time_zone = "+00:00";


/*!40101 SET @OLD_CHARACTER_SET_CLIENT=@@CHARACTER_SET_CLIENT */;
/*!40101 SET @OLD_CHARACTER_SET_RESULTS=@@CHARACTER_SET_RESULTS */;
/*!40101 SET @OLD_COLLATION_CONNECTION=@@COLLATION_CONNECTION */;
/*!40101 SET NAMES utf8mb4 */;

--
-- Database: `doctor`
--

-- --------------------------------------------------------

--
-- Table structure for table `doctor_availability`
--

CREATE TABLE IF NOT EXISTS `doctor_availability` (
  `id` int(11) NOT NULL,
  `doc_id` int(11) NOT NULL,
  `start_date_time` datetime NOT NULL,
  `end_date_time` datetime NOT NULL,
  `is_delete` enum('0','1') NOT NULL,
  `doctor_visit_add` text NOT NULL,
  `doctor_visit_state_id` int(11) NOT NULL,
  `doctor_visit_city_id` int(11) NOT NULL,
  `doctor_visit_district` text NOT NULL,
  `doctor_visit_pincode_id` text NOT NULL,
  `created_at` datetime NOT NULL,
  `updated_at` datetime NOT NULL
) ENGINE=InnoDB AUTO_INCREMENT=5 DEFAULT CHARSET=latin1;

-- --------------------------------------------------------

--
-- Table structure for table `doctor_availability_place`
--

CREATE TABLE IF NOT EXISTS `doctor_availability_place` (
  `id` int(11) NOT NULL,
  `doc_id` int(11) NOT NULL,
  `doct_visit_address` varchar(255) NOT NULL,
  `doct_visit_state` varchar(100) NOT NULL,
  `doct_visit_city` varchar(100) NOT NULL,
  `doct_visit_district` varchar(100) NOT NULL,
  `doct_visit_pincode` varchar(100) NOT NULL
) ENGINE=InnoDB AUTO_INCREMENT=3 DEFAULT CHARSET=latin1;

-- --------------------------------------------------------

--
-- Table structure for table `doctor_timeslot`
--

CREATE TABLE IF NOT EXISTS `doctor_timeslot` (
  `doctor_timeslot_id` int(11) NOT NULL,
  `doctor_id` int(11) NOT NULL,
  `patient_id` int(11) NOT NULL,
  `doctor_ava_time` time NOT NULL DEFAULT '00:00:00',
  `doctor_ava_date` date NOT NULL DEFAULT '0000-00-00',
  `created_at` timestamp NOT NULL DEFAULT CURRENT_TIMESTAMP ON UPDATE CURRENT_TIMESTAMP,
  `updated_at` timestamp NOT NULL DEFAULT '0000-00-00 00:00:00'
) ENGINE=InnoDB AUTO_INCREMENT=5 DEFAULT CHARSET=latin1;

--
-- Dumping data for table `doctor_timeslot`
--

INSERT INTO `doctor_timeslot` (`doctor_timeslot_id`, `doctor_id`, `patient_id`, `doctor_ava_time`, `doctor_ava_date`, `created_at`, `updated_at`) VALUES
(1, 2, 1, '03:00:00', '2016-07-18', '2017-12-03 03:45:10', '2017-12-03 03:45:10'),
(2, 2, 1, '03:00:00', '2016-07-18', '2017-12-03 03:45:10', '2017-12-03 03:45:10'),
(3, 2, 1, '03:00:00', '2016-07-18', '2017-12-03 03:45:10', '2017-12-03 03:45:10'),
(4, 2, 1, '03:00:00', '2017-03-12', '2017-12-03 04:05:44', '2017-12-03 04:05:44');

-- --------------------------------------------------------

--
-- Table structure for table `fix_appointment`
--

CREATE TABLE IF NOT EXISTS `fix_appointment` (
  `id` int(11) NOT NULL,
  `doctor_id` int(11) NOT NULL,
  `doctor_ava_time` time NOT NULL,
  `patient_id` int(11) NOT NULL,
  `updated_at` timestamp NOT NULL DEFAULT CURRENT_TIMESTAMP ON UPDATE CURRENT_TIMESTAMP,
  `created_at` timestamp NOT NULL DEFAULT '0000-00-00 00:00:00'
) ENGINE=InnoDB DEFAULT CHARSET=latin1;

-- --------------------------------------------------------

--
-- Table structure for table `m_city`
--

CREATE TABLE IF NOT EXISTS `m_city` (
  `cty_id` int(11) NOT NULL,
  `cty_name` varchar(100) NOT NULL,
  `state_id` int(11) NOT NULL
) ENGINE=InnoDB AUTO_INCREMENT=1216 DEFAULT CHARSET=latin1;

--
-- Dumping data for table `m_city`
--

INSERT INTO `m_city` (`cty_id`, `cty_name`, `state_id`) VALUES
(1, 'Mumbai', 1),
(2, 'Delhi', 2),
(3, 'Bengaluru', 3),
(4, 'Ahmedabad', 4),
(5, 'Hyderabad', 5),
(6, 'Chennai', 6),
(7, 'Kolkata', 7),
(8, 'Pune', 1),
(9, 'Jaipur', 8),
(10, 'Surat', 4),
(11, 'Lucknow', 9),
(12, 'Kanpur', 9),
(13, 'Nagpur', 1),
(14, 'Patna', 10),
(15, 'Indore', 11),
(16, 'Thane', 1),
(17, 'Bhopal', 11),
(18, 'Visakhapatnam', 12),
(19, 'Vadodara', 4),
(20, 'Firozabad', 9),
(21, 'Ludhiana', 13),
(22, 'Rajkot', 4),
(23, 'Agra', 9),
(24, 'Siliguri', 7),
(25, 'Nashik', 1),
(26, 'Faridabad', 14),
(27, 'Patiala', 13),
(28, 'Meerut', 9),
(29, 'Kalyan-Dombivali', 1),
(30, 'Vasai-Virar', 1),
(31, 'Varanasi', 9),
(32, 'Srinagar', 15),
(33, 'Dhanbad', 16),
(34, 'Jodhpur', 8),
(35, 'Amritsar', 13),
(36, 'Raipur', 17),
(37, 'Allahabad', 9),
(38, 'Coimbatore', 6),
(39, 'Jabalpur', 11),
(40, 'Gwalior', 11),
(41, 'Vijayawada', 12),
(42, 'Madurai', 6),
(43, 'Guwahati', 18),
(44, 'Chandigarh', 19),
(45, 'Hubli-Dharwad', 3),
(46, 'Amroha', 9),
(47, 'Moradabad', 9),
(48, 'Gurgaon', 14),
(49, 'Aligarh', 9),
(50, 'Solapur', 1),
(51, 'Ranchi', 16),
(52, 'Jalandhar', 13),
(53, 'Tiruchirappalli', 6),
(54, 'Bhubaneswar', 20),
(55, 'Salem', 6),
(56, 'Warangal', 5),
(57, 'Mira-Bhayandar', 1),
(58, 'Thiruvananthapuram', 21),
(59, 'Bhiwandi', 1),
(60, 'Saharanpur', 9),
(61, 'Guntur', 12),
(62, 'Amravati', 1),
(63, 'Bikaner', 8),
(64, 'Noida', 9),
(65, 'Jamshedpur', 16),
(66, 'Bhilai Nagar', 17),
(67, 'Cuttack', 20),
(68, 'Kochi', 21),
(69, 'Udaipur', 8),
(70, 'Bhavnagar', 4),
(71, 'Dehradun', 22),
(72, 'Asansol', 7),
(73, 'Nanded-Waghala', 1),
(74, 'Ajmer', 8),
(75, 'Jamnagar', 4),
(76, 'Ujjain', 11),
(77, 'Sangli', 1),
(78, 'Loni', 9),
(79, 'Jhansi', 9),
(80, 'Pondicherry', 23),
(81, 'Nellore', 12),
(82, 'Jammu', 15),
(83, 'Belagavi', 3),
(84, 'Raurkela', 20),
(85, 'Mangaluru', 3),
(86, 'Tirunelveli', 6),
(87, 'Malegaon', 1),
(88, 'Gaya', 10),
(89, 'Tiruppur', 6),
(90, 'Davanagere', 3),
(91, 'Kozhikode', 21),
(92, 'Akola', 1),
(93, 'Kurnool', 12),
(94, 'Bokaro Steel City', 16),
(95, 'Rajahmundry', 12),
(96, 'Ballari', 3),
(97, 'Agartala', 24),
(98, 'Bhagalpur', 10),
(99, 'Latur', 1),
(100, 'Dhule', 1),
(101, 'Korba', 17),
(102, 'Bhilwara', 8),
(103, 'Brahmapur', 20),
(104, 'Mysore', 25),
(105, 'Muzaffarpur', 10),
(106, 'Ahmednagar', 1),
(107, 'Kollam', 21),
(108, 'Raghunathganj', 7),
(109, 'Bilaspur', 17),
(110, 'Shahjahanpur', 9),
(111, 'Thrissur', 21),
(112, 'Alwar', 8),
(113, 'Kakinada', 12),
(114, 'Nizamabad', 5),
(115, 'Sagar', 11),
(116, 'Tumkur', 3),
(117, 'Hisar', 14),
(118, 'Rohtak', 14),
(119, 'Panipat', 14),
(120, 'Darbhanga', 10),
(121, 'Kharagpur', 7),
(122, 'Aizawl', 26),
(123, 'Ichalkaranji', 1),
(124, 'Tirupati', 12),
(125, 'Karnal', 14),
(126, 'Bathinda', 13),
(127, 'Rampur', 9),
(128, 'Shivamogga', 3),
(129, 'Ratlam', 11),
(130, 'Modinagar', 9),
(131, 'Durg', 17),
(132, 'Shillong', 27),
(133, 'Imphal', 28),
(134, 'Hapur', 9),
(135, 'Ranipet', 6),
(136, 'Anantapur', 12),
(137, 'Arrah', 10),
(138, 'Karimnagar', 5),
(139, 'Parbhani', 1),
(140, 'Etawah', 9),
(141, 'Bharatpur', 8),
(142, 'Begusarai', 10),
(143, 'New Delhi', 2),
(144, 'Chhapra', 10),
(145, 'Kadapa', 12),
(146, 'Ramagundam', 5),
(147, 'Pali', 8),
(148, 'Satna', 11),
(149, 'Vizianagaram', 12),
(150, 'Katihar', 10),
(151, 'Hardwar', 22),
(152, 'Sonipat', 14),
(153, 'Nagercoil', 6),
(154, 'Thanjavur', 6),
(155, 'Murwara (Katni)', 11),
(156, 'Naihati', 7),
(157, 'Sambhal', 9),
(158, 'Nadiad', 4),
(159, 'Yamunanagar', 14),
(160, 'English Bazar', 7),
(161, 'Eluru', 12),
(162, 'Munger', 10),
(163, 'Panchkula', 14),
(164, 'Raayachuru', 3),
(165, 'Panvel', 1),
(166, 'Deoghar', 16),
(167, 'Ongole', 12),
(168, 'Nandyal', 12),
(169, 'Morena', 11),
(170, 'Bhiwani', 14),
(171, 'Porbandar', 4),
(172, 'Palakkad', 21),
(173, 'Anand', 4),
(174, 'Purnia', 10),
(175, 'Baharampur', 7),
(176, 'Barmer', 8),
(177, 'Morvi', 4),
(178, 'Orai', 9),
(179, 'Bahraich', 9),
(180, 'Sikar', 8),
(181, 'Vellore', 6),
(182, 'Singrauli', 11),
(183, 'Khammam', 5),
(184, 'Mahesana', 4),
(185, 'Silchar', 18),
(186, 'Sambalpur', 20),
(187, 'Rewa', 11),
(188, 'Unnao', 9),
(189, 'Hugli-Chinsurah', 7),
(190, 'Raiganj', 7),
(191, 'Phusro', 16),
(192, 'Adityapur', 16),
(193, 'Alappuzha', 21),
(194, 'Bahadurgarh', 14),
(195, 'Machilipatnam', 12),
(196, 'Rae Bareli', 9),
(197, 'Jalpaiguri', 7),
(198, 'Bharuch', 4),
(199, 'Pathankot', 13),
(200, 'Hoshiarpur', 13),
(201, 'Baramula', 15),
(202, 'Adoni', 12),
(203, 'Jind', 14),
(204, 'Tonk', 8),
(205, 'Tenali', 12),
(206, 'Kancheepuram', 6),
(207, 'Vapi', 4),
(208, 'Sirsa', 14),
(209, 'Navsari', 4),
(210, 'Mahbubnagar', 5),
(211, 'Puri', 20),
(212, 'Robertson Pet', 3),
(213, 'Erode', 6),
(214, 'Batala', 13),
(215, 'Haldwani-cum-Kathgodam', 22),
(216, 'Vidisha', 11),
(217, 'Saharsa', 10),
(218, 'Thanesar', 14),
(219, 'Chittoor', 12),
(220, 'Veraval', 4),
(221, 'Lakhimpur', 9),
(222, 'Sitapur', 9),
(223, 'Hindupur', 12),
(224, 'Santipur', 7),
(225, 'Balurghat', 7),
(226, 'Ganjbasoda', 11),
(227, 'Moga', 13),
(228, 'Proddatur', 12),
(229, 'Srinagar', 22),
(230, 'Medinipur', 7),
(231, 'Habra', 7),
(232, 'Sasaram', 10),
(233, 'Hajipur', 10),
(234, 'Bhuj', 4),
(235, 'Shivpuri', 11),
(236, 'Ranaghat', 7),
(237, 'Shimla', 29),
(238, 'Tiruvannamalai', 6),
(239, 'Kaithal', 14),
(240, 'Rajnandgaon', 17),
(241, 'Godhra', 4),
(242, 'Hazaribag', 16),
(243, 'Bhimavaram', 12),
(244, 'Mandsaur', 11),
(245, 'Dibrugarh', 18),
(246, 'Kolar', 3),
(247, 'Bankura', 7),
(248, 'Mandya', 3),
(249, 'Dehri-on-Sone', 10),
(250, 'Madanapalle', 12),
(251, 'Malerkotla', 13),
(252, 'Lalitpur', 9),
(253, 'Bettiah', 10),
(254, 'Pollachi', 6),
(255, 'Khanna', 13),
(256, 'Neemuch', 11),
(257, 'Palwal', 14),
(258, 'Palanpur', 4),
(259, 'Guntakal', 12),
(260, 'Nabadwip', 7),
(261, 'Udupi', 3),
(262, 'Jagdalpur', 17),
(263, 'Motihari', 10),
(264, 'Pilibhit', 9),
(265, 'Dimapur', 30),
(266, 'Mohali', 13),
(267, 'Sadulpur', 8),
(268, 'Rajapalayam', 6),
(269, 'Dharmavaram', 12),
(270, 'Kashipur', 22),
(271, 'Sivakasi', 6),
(272, 'Darjiling', 7),
(273, 'Chikkamagaluru', 3),
(274, 'Gudivada', 12),
(275, 'Baleshwar Town', 20),
(276, 'Mancherial', 5),
(277, 'Srikakulam', 12),
(278, 'Adilabad', 5),
(279, 'Yavatmal', 1),
(280, 'Barnala', 13),
(281, 'Nagaon', 18),
(282, 'Narasaraopet', 12),
(283, 'Raigarh', 17),
(284, 'Roorkee', 22),
(285, 'Valsad', 4),
(286, 'Ambikapur', 17),
(287, 'Giridih', 16),
(288, 'Chandausi', 9),
(289, 'Purulia', 7),
(290, 'Patan', 4),
(291, 'Bagaha', 10),
(292, 'Hardoi ', 9),
(293, 'Achalpur', 1),
(294, 'Osmanabad', 1),
(295, 'Deesa', 4),
(296, 'Nandurbar', 1),
(297, 'Azamgarh', 9),
(298, 'Ramgarh', 16),
(299, 'Firozpur', 13),
(300, 'Baripada Town', 20),
(301, 'Karwar', 3),
(302, 'Siwan', 10),
(303, 'Rajampet', 12),
(304, 'Pudukkottai', 6),
(305, 'Anantnag', 15),
(306, 'Tadpatri', 12),
(307, 'Satara', 1),
(308, 'Bhadrak', 20),
(309, 'Kishanganj', 10),
(310, 'Suryapet', 5),
(311, 'Wardha', 1),
(312, 'Ranebennuru', 3),
(313, 'Amreli', 4),
(314, 'Neyveli (TS)', 6),
(315, 'Jamalpur', 10),
(316, 'Marmagao', 31),
(317, 'Udgir', 1),
(318, 'Tadepalligudem', 12),
(319, 'Nagapattinam', 6),
(320, 'Buxar', 10),
(321, 'Aurangabad', 1),
(322, 'Jehanabad', 10),
(323, 'Phagwara', 13),
(324, 'Khair', 9),
(325, 'Sawai Madhopur', 8),
(326, 'Kapurthala', 13),
(327, 'Chilakaluripet', 12),
(328, 'Aurangabad', 10),
(329, 'Malappuram', 21),
(330, 'Rewari', 14),
(331, 'Nagaur', 8),
(332, 'Sultanpur', 9),
(333, 'Nagda', 11),
(334, 'Port Blair', 32),
(335, 'Lakhisarai', 10),
(336, 'Panaji', 31),
(337, 'Tinsukia', 18),
(338, 'Itarsi', 11),
(339, 'Kohima', 30),
(340, 'Balangir', 20),
(341, 'Nawada', 10),
(342, 'Jharsuguda', 20),
(343, 'Jagtial', 5),
(344, 'Viluppuram', 6),
(345, 'Amalner', 1),
(346, 'Zirakpur', 13),
(347, 'Tanda', 9),
(348, 'Tiruchengode', 6),
(349, 'Nagina', 9),
(350, 'Yemmiganur', 12),
(351, 'Vaniyambadi', 6),
(352, 'Sarni', 11),
(353, 'Theni Allinagaram', 6),
(354, 'Margao', 31),
(355, 'Akot', 1),
(356, 'Sehore', 11),
(357, 'Mhow Cantonment', 11),
(358, 'Kot Kapura', 13),
(359, 'Makrana', 8),
(360, 'Pandharpur', 1),
(361, 'Miryalaguda', 5),
(362, 'Shamli', 9),
(363, 'Seoni', 11),
(364, 'Ranibennur', 3),
(365, 'Kadiri', 12),
(366, 'Shrirampur', 1),
(367, 'Rudrapur', 22),
(368, 'Parli', 1),
(369, 'Najibabad', 9),
(370, 'Nirmal', 5),
(371, 'Udhagamandalam', 6),
(372, 'Shikohabad', 9),
(373, 'Jhumri Tilaiya', 16),
(374, 'Aruppukkottai', 6),
(375, 'Ponnani', 21),
(376, 'Jamui', 10),
(377, 'Sitamarhi', 10),
(378, 'Chirala', 12),
(379, 'Anjar', 4),
(380, 'Karaikal', 23),
(381, 'Hansi', 14),
(382, 'Anakapalle', 12),
(383, 'Mahasamund', 17),
(384, 'Faridkot', 13),
(385, 'Saunda', 16),
(386, 'Dhoraji', 4),
(387, 'Paramakudi', 6),
(388, 'Balaghat', 11),
(389, 'Sujangarh', 8),
(390, 'Khambhat', 4),
(391, 'Muktsar', 13),
(392, 'Rajpura', 13),
(393, 'Kavali', 12),
(394, 'Dhamtari', 17),
(395, 'Ashok Nagar', 11),
(396, 'Sardarshahar', 8),
(397, 'Mahuva', 4),
(398, 'Bargarh', 20),
(399, 'Kamareddy', 5),
(400, 'Sahibganj', 16),
(401, 'Kothagudem', 5),
(402, 'Ramanagaram', 3),
(403, 'Gokak', 3),
(404, 'Tikamgarh', 11),
(405, 'Araria', 10),
(406, 'Rishikesh', 22),
(407, 'Shahdol', 11),
(408, 'Medininagar (Daltonganj)', 16),
(409, 'Arakkonam', 6),
(410, 'Washim', 1),
(411, 'Sangrur', 13),
(412, 'Bodhan', 5),
(413, 'Fazilka', 13),
(414, 'Palacole', 12),
(415, 'Keshod', 4),
(416, 'Sullurpeta', 12),
(417, 'Wadhwan', 4),
(418, 'Gurdaspur', 13),
(419, 'Vatakara', 21),
(420, 'Tura', 27),
(421, 'Narnaul', 14),
(422, 'Kharar', 13),
(423, 'Yadgir', 3),
(424, 'Ambejogai', 1),
(425, 'Ankleshwar', 4),
(426, 'Savarkundla', 4),
(427, 'Paradip', 20),
(428, 'Virudhachalam', 6),
(429, 'Kanhangad', 21),
(430, 'Kadi', 4),
(431, 'Srivilliputhur', 6),
(432, 'Gobindgarh', 13),
(433, 'Tindivanam', 6),
(434, 'Mansa', 13),
(435, 'Taliparamba', 21),
(436, 'Manmad', 1),
(437, 'Tanuku', 12),
(438, 'Rayachoti', 12),
(439, 'Virudhunagar', 6),
(440, 'Koyilandy', 21),
(441, 'Jorhat', 18),
(442, 'Karur', 6),
(443, 'Valparai', 6),
(444, 'Srikalahasti', 12),
(445, 'Neyyattinkara', 21),
(446, 'Bapatla', 12),
(447, 'Fatehabad', 14),
(448, 'Malout', 13),
(449, 'Sankarankovil', 6),
(450, 'Tenkasi', 6),
(451, 'Ratnagiri', 1),
(452, 'Rabkavi Banhatti', 3),
(453, 'Sikandrabad', 9),
(454, 'Chaibasa', 16),
(455, 'Chirmiri', 17),
(456, 'Palwancha', 5),
(457, 'Bhawanipatna', 20),
(458, 'Kayamkulam', 21),
(459, 'Pithampur', 11),
(460, 'Nabha', 13),
(461, 'Shahabad, Hardoi', 9),
(462, 'Dhenkanal', 20),
(463, 'Uran Islampur', 1),
(464, 'Gopalganj', 10),
(465, 'Bongaigaon City', 18),
(466, 'Palani', 6),
(467, 'Pusad', 1),
(468, 'Sopore', 15),
(469, 'Pilkhuwa', 9),
(470, 'Tarn Taran', 13),
(471, 'Renukoot', 9),
(472, 'Mandamarri', 5),
(473, 'Shahabad', 3),
(474, 'Barbil', 20),
(475, 'Koratla', 5),
(476, 'Madhubani', 10),
(477, 'Arambagh', 7),
(478, 'Gohana', 14),
(479, 'Ladnu', 8),
(480, 'Pattukkottai', 6),
(481, 'Sirsi', 3),
(482, 'Sircilla', 5),
(483, 'Tamluk', 7),
(484, 'Jagraon', 13),
(485, 'AlipurdUrban Agglomerationr', 7),
(486, 'Alirajpur', 11),
(487, 'Tandur', 5),
(488, 'Naidupet', 12),
(489, 'Tirupathur', 6),
(490, 'Tohana', 14),
(491, 'Ratangarh', 8),
(492, 'Dhubri', 18),
(493, 'Masaurhi', 10),
(494, 'Visnagar', 4),
(495, 'Vrindavan', 9),
(496, 'Nokha', 8),
(497, 'Nagari', 12),
(498, 'Narwana', 14),
(499, 'Ramanathapuram', 6),
(500, 'Ujhani', 9),
(501, 'Samastipur', 10),
(502, 'Laharpur', 9),
(503, 'Sangamner', 1),
(504, 'Nimbahera', 8),
(505, 'Siddipet', 5),
(506, 'Suri', 7),
(507, 'Diphu', 18),
(508, 'Jhargram', 7),
(509, 'Shirpur-Warwade', 1),
(510, 'Tilhar', 9),
(511, 'Sindhnur', 3),
(512, 'Udumalaipettai', 6),
(513, 'Malkapur', 1),
(514, 'Wanaparthy', 5),
(515, 'Gudur', 12),
(516, 'Kendujhar', 20),
(517, 'Mandla', 11),
(518, 'Mandi', 29),
(519, 'Nedumangad', 21),
(520, 'North Lakhimpur', 18),
(521, 'Vinukonda', 12),
(522, 'Tiptur', 3),
(523, 'Gobichettipalayam', 6),
(524, 'Sunabeda', 20),
(525, 'Wani', 1),
(526, 'Upleta', 4),
(527, 'Narasapuram', 12),
(528, 'Nuzvid', 12),
(529, 'Tezpur', 18),
(530, 'Una', 4),
(531, 'Markapur', 12),
(532, 'Sheopur', 11),
(533, 'Thiruvarur', 6),
(534, 'Sidhpur', 4),
(535, 'Sahaswan', 9),
(536, 'Suratgarh', 8),
(537, 'Shajapur', 11),
(538, 'Rayagada', 20),
(539, 'Lonavla', 1),
(540, 'Ponnur', 12),
(541, 'Kagaznagar', 5),
(542, 'Gadwal', 5),
(543, 'Bhatapara', 17),
(544, 'Kandukur', 12),
(545, 'Sangareddy', 5),
(546, 'Unjha', 4),
(547, 'Lunglei', 26),
(548, 'Karimganj', 18),
(549, 'Kannur', 21),
(550, 'Bobbili', 12),
(551, 'Mokameh', 10),
(552, 'Talegaon Dabhade', 1),
(553, 'Anjangaon', 1),
(554, 'Mangrol', 4),
(555, 'Sunam', 13),
(556, 'Gangarampur', 7),
(557, 'Thiruvallur', 6),
(558, 'Tirur', 21),
(559, 'Rath', 9),
(560, 'Jatani', 20),
(561, 'Viramgam', 4),
(562, 'Rajsamand', 8),
(563, 'Yanam', 23),
(564, 'Kottayam', 21),
(565, 'Panruti', 6),
(566, 'Dhuri', 13),
(567, 'Namakkal', 6),
(568, 'Kasaragod', 21),
(569, 'Modasa', 4),
(570, 'Rayadurg', 12),
(571, 'Supaul', 10),
(572, 'Kunnamkulam', 21),
(573, 'Umred', 1),
(574, 'Bellampalle', 5),
(575, 'Sibsagar', 18),
(576, 'Mandi Dabwali', 14),
(577, 'Ottappalam', 21),
(578, 'Dumraon', 10),
(579, 'Samalkot', 12),
(580, 'Jaggaiahpet', 12),
(581, 'Goalpara', 18),
(582, 'Tuni', 12),
(583, 'Lachhmangarh', 8),
(584, 'Bhongir', 5),
(585, 'Amalapuram', 12),
(586, 'Firozpur Cantt.', 13),
(587, 'Vikarabad', 5),
(588, 'Thiruvalla', 21),
(589, 'Sherkot', 9),
(590, 'Palghar', 1),
(591, 'Shegaon', 1),
(592, 'Jangaon', 5),
(593, 'Bheemunipatnam', 12),
(594, 'Panna', 11),
(595, 'Thodupuzha', 21),
(596, 'KathUrban Agglomeration', 15),
(597, 'Palitana', 4),
(598, 'Arwal', 10),
(599, 'Venkatagiri', 12),
(600, 'Kalpi', 9),
(601, 'Rajgarh (Churu)', 8),
(602, 'Sattenapalle', 12),
(603, 'Arsikere', 3),
(604, 'Ozar', 1),
(605, 'Thirumangalam', 6),
(606, 'Petlad', 4),
(607, 'Nasirabad', 8),
(608, 'Phaltan', 1),
(609, 'Rampurhat', 7),
(610, 'Nanjangud', 3),
(611, 'Forbesganj', 10),
(612, 'Tundla', 9),
(613, 'BhabUrban Agglomeration', 10),
(614, 'Sagara', 3),
(615, 'Pithapuram', 12),
(616, 'Sira', 3),
(617, 'Bhadrachalam', 5),
(618, 'Charkhi Dadri', 14),
(619, 'Chatra', 16),
(620, 'Palasa Kasibugga', 12),
(621, 'Nohar', 8),
(622, 'Yevla', 1),
(623, 'Sirhind Fatehgarh Sahib', 13),
(624, 'Bhainsa', 5),
(625, 'Parvathipuram', 12),
(626, 'Shahade', 1),
(627, 'Chalakudy', 21),
(628, 'Narkatiaganj', 10),
(629, 'Kapadvanj', 4),
(630, 'Macherla', 12),
(631, 'Raghogarh-Vijaypur', 11),
(632, 'Rupnagar', 13),
(633, 'Naugachhia', 10),
(634, 'Sendhwa', 11),
(635, 'Byasanagar', 20),
(636, 'Sandila', 9),
(637, 'Gooty', 12),
(638, 'Salur', 12),
(639, 'Nanpara', 9),
(640, 'Sardhana', 9),
(641, 'Vita', 1),
(642, 'Gumia', 16),
(643, 'Puttur', 3),
(644, 'Jalandhar Cantt.', 13),
(645, 'Nehtaur', 9),
(646, 'Changanassery', 21),
(647, 'Mandapeta', 12),
(648, 'Dumka', 16),
(649, 'Seohara', 9),
(650, 'Umarkhed', 1),
(651, 'Madhupur', 16),
(652, 'Vikramasingapuram', 6),
(653, 'Punalur', 21),
(654, 'Kendrapara', 20),
(655, 'Sihor', 4),
(656, 'Nellikuppam', 6),
(657, 'Samana', 13),
(658, 'Warora', 1),
(659, 'Nilambur', 21),
(660, 'Rasipuram', 6),
(661, 'Ramnagar', 22),
(662, 'Jammalamadugu', 12),
(663, 'Nawanshahr', 13),
(664, 'Thoubal', 28),
(665, 'Athni', 3),
(666, 'Cherthala', 21),
(667, 'Sidhi', 11),
(668, 'Farooqnagar', 5),
(669, 'Peddapuram', 12),
(670, 'Chirkunda', 16),
(671, 'Pachora', 1),
(672, 'Madhepura', 10),
(673, 'Pithoragarh', 22),
(674, 'Tumsar', 1),
(675, 'Phalodi', 8),
(676, 'Tiruttani', 6),
(677, 'Rampura Phul', 13),
(678, 'Perinthalmanna', 21),
(679, 'Padrauna', 9),
(680, 'Pipariya', 11),
(681, 'Dalli-Rajhara', 17),
(682, 'Punganur', 12),
(683, 'Mattannur', 21),
(684, 'Mathura', 9),
(685, 'Thakurdwara', 9),
(686, 'Nandivaram-Guduvancheri', 6),
(687, 'Mulbagal', 3),
(688, 'Manjlegaon', 1),
(689, 'Wankaner', 4),
(690, 'Sillod', 1),
(691, 'Nidadavole', 12),
(692, 'Surapura', 3),
(693, 'Rajagangapur', 20),
(694, 'Sheikhpura', 10),
(695, 'Parlakhemundi', 20),
(696, 'Kalimpong', 7),
(697, 'Siruguppa', 3),
(698, 'Arvi', 1),
(699, 'Limbdi', 4),
(700, 'Barpeta', 18),
(701, 'Manglaur', 22),
(702, 'Repalle', 12),
(703, 'Mudhol', 3),
(704, 'Shujalpur', 11),
(705, 'Mandvi', 4),
(706, 'Thangadh', 4),
(707, 'Sironj', 11),
(708, 'Nandura', 1),
(709, 'Shoranur', 21),
(710, 'Nathdwara', 8),
(711, 'Periyakulam', 6),
(712, 'Sultanganj', 10),
(713, 'Medak', 5),
(714, 'Narayanpet', 5),
(715, 'Raxaul Bazar', 10),
(716, 'Rajauri', 15),
(717, 'Pernampattu', 6),
(718, 'Nainital', 22),
(719, 'Ramachandrapuram', 12),
(720, 'Vaijapur', 1),
(721, 'Nangal', 13),
(722, 'Sidlaghatta', 3),
(723, 'Punch', 15),
(724, 'Pandhurna', 11),
(725, 'Wadgaon Road', 1),
(726, 'Talcher', 20),
(727, 'Varkala', 21),
(728, 'Pilani', 8),
(729, 'Nowgong', 11),
(730, 'Naila Janjgir', 17),
(731, 'Mapusa', 31),
(732, 'Vellakoil', 6),
(733, 'Merta City', 8),
(734, 'Sivaganga', 6),
(735, 'Mandideep', 11),
(736, 'Sailu', 1),
(737, 'Vyara', 4),
(738, 'Kovvur', 12),
(739, 'Vadalur', 6),
(740, 'Nawabganj', 9),
(741, 'Padra', 4),
(742, 'Sainthia', 7),
(743, 'Siana', 9),
(744, 'Shahpur', 3),
(745, 'Sojat', 8),
(746, 'Noorpur', 9),
(747, 'Paravoor', 21),
(748, 'Murtijapur', 1),
(749, 'Ramnagar', 10),
(750, 'Sundargarh', 20),
(751, 'Taki', 7),
(752, 'Saundatti-Yellamma', 3),
(753, 'Pathanamthitta', 21),
(754, 'Wadi', 3),
(755, 'Rameshwaram', 6),
(756, 'Tasgaon', 1),
(757, 'Sikandra Rao', 9),
(758, 'Sihora', 11),
(759, 'Tiruvethipuram', 6),
(760, 'Tiruvuru', 12),
(761, 'Mehkar', 1),
(762, 'Peringathur', 21),
(763, 'Perambalur', 6),
(764, 'Manvi', 3),
(765, 'Zunheboto', 30),
(766, 'Mahnar Bazar', 10),
(767, 'Attingal', 21),
(768, 'Shahbad', 14),
(769, 'Puranpur', 9),
(770, 'Nelamangala', 3),
(771, 'Nakodar', 13),
(772, 'Lunawada', 4),
(773, 'Murshidabad', 7),
(774, 'Mahe', 23),
(775, 'Lanka', 18),
(776, 'Rudauli', 9),
(777, 'Tuensang', 30),
(778, 'Lakshmeshwar', 3),
(779, 'Zira', 13),
(780, 'Yawal', 1),
(781, 'Thana Bhawan', 9),
(782, 'Ramdurg', 3),
(783, 'Pulgaon', 1),
(784, 'Sadasivpet', 5),
(785, 'Nargund', 3),
(786, 'Neem-Ka-Thana', 8),
(787, 'Memari', 7),
(788, 'Nilanga', 1),
(789, 'Naharlagun', 33),
(790, 'Pakaur', 16),
(791, 'Wai', 1),
(792, 'Tarikere', 3),
(793, 'Malavalli', 3),
(794, 'Raisen', 11),
(795, 'Lahar', 11),
(796, 'Uravakonda', 12),
(797, 'Savanur', 3),
(798, 'Sirohi', 8),
(799, 'Udhampur', 15),
(800, 'Umarga', 1),
(801, 'Pratapgarh', 8),
(802, 'Lingsugur', 3),
(803, 'Usilampatti', 6),
(804, 'Palia Kalan', 9),
(805, 'Wokha', 30),
(806, 'Rajpipla', 4),
(807, 'Vijayapura', 3),
(808, 'Rawatbhata', 8),
(809, 'Sangaria', 8),
(810, 'Paithan', 1),
(811, 'Rahuri', 1),
(812, 'Patti', 13),
(813, 'Zaidpur', 9),
(814, 'Lalsot', 8),
(815, 'Maihar', 11),
(816, 'Vedaranyam', 6),
(817, 'Nawapur', 1),
(818, 'Solan', 29),
(819, 'Vapi', 4),
(820, 'Sanawad', 11),
(821, 'Warisaliganj', 10),
(822, 'Revelganj', 10),
(823, 'Sabalgarh', 11),
(824, 'Tuljapur', 1),
(825, 'Simdega', 16),
(826, 'Musabani', 16),
(827, 'Kodungallur', 21),
(828, 'Phulabani', 20),
(829, 'Umreth', 4),
(830, 'Narsipatnam', 12),
(831, 'Nautanwa', 9),
(832, 'Rajgir', 10),
(833, 'Yellandu', 5),
(834, 'Sathyamangalam', 6),
(835, 'Pilibanga', 8),
(836, 'Morshi', 1),
(837, 'Pehowa', 14),
(838, 'Sonepur', 10),
(839, 'Pappinisseri', 21),
(840, 'Zamania', 9),
(841, 'Mihijam', 16),
(842, 'Purna', 1),
(843, 'Puliyankudi', 6),
(844, 'Shikarpur, Bulandshahr', 9),
(845, 'Umaria', 11),
(846, 'Porsa', 11),
(847, 'Naugawan Sadat', 9),
(848, 'Fatehpur Sikri', 9),
(849, 'Manuguru', 5),
(850, 'Udaipur', 24),
(851, 'Pipar City', 8),
(852, 'Pattamundai', 20),
(853, 'Nanjikottai', 6),
(854, 'Taranagar', 8),
(855, 'Yerraguntla', 12),
(856, 'Satana', 1),
(857, 'Sherghati', 10),
(858, 'Sankeshwara', 3),
(859, 'Madikeri', 3),
(860, 'Thuraiyur', 6),
(861, 'Sanand', 4),
(862, 'Rajula', 4),
(863, 'Kyathampalle', 5),
(864, 'Shahabad, Rampur', 9),
(865, 'Tilda Newra', 17),
(866, 'Narsinghgarh', 11),
(867, 'Chittur-Thathamangalam', 21),
(868, 'Malaj Khand', 11),
(869, 'Sarangpur', 11),
(870, 'Robertsganj', 9),
(871, 'Sirkali', 6),
(872, 'Radhanpur', 4),
(873, 'Tiruchendur', 6),
(874, 'Utraula', 9),
(875, 'Patratu', 16),
(876, 'Vijainagar, Ajmer', 8),
(877, 'Periyasemur', 6),
(878, 'Pathri', 1),
(879, 'Sadabad', 9),
(880, 'Talikota', 3),
(881, 'Sinnar', 1),
(882, 'Mungeli', 17),
(883, 'Sedam', 3),
(884, 'Shikaripur', 3),
(885, 'Sumerpur', 8),
(886, 'Sattur', 6),
(887, 'Sugauli', 10),
(888, 'Lumding', 18),
(889, 'Vandavasi', 6),
(890, 'Titlagarh', 20),
(891, 'Uchgaon', 1),
(892, 'Mokokchung', 30),
(893, 'Paschim Punropara', 7),
(894, 'Sagwara', 8),
(895, 'Ramganj Mandi', 8),
(896, 'Tarakeswar', 7),
(897, 'Mahalingapura', 3),
(898, 'Dharmanagar', 24),
(899, 'Mahemdabad', 4),
(900, 'Manendragarh', 17),
(901, 'Uran', 1),
(902, 'Tharamangalam', 6),
(903, 'Tirukkoyilur', 6),
(904, 'Pen', 1),
(905, 'Makhdumpur', 10),
(906, 'Maner', 10),
(907, 'Oddanchatram', 6),
(908, 'Palladam', 6),
(909, 'Mundi', 11),
(910, 'Nabarangapur', 20),
(911, 'Mudalagi', 3),
(912, 'Samalkha', 14),
(913, 'Nepanagar', 11),
(914, 'Karjat', 1),
(915, 'Ranavav', 4),
(916, 'Pedana', 12),
(917, 'Pinjore', 14),
(918, 'Lakheri', 8),
(919, 'Pasan', 11),
(920, 'Puttur', 12),
(921, 'Vadakkuvalliyur', 6),
(922, 'Tirukalukundram', 6),
(923, 'Mahidpur', 11),
(924, 'Mussoorie', 22),
(925, 'Muvattupuzha', 21),
(926, 'Rasra', 9),
(927, 'Udaipurwati', 8),
(928, 'Manwath', 1),
(929, 'Adoor', 21),
(930, 'Uthamapalayam', 6),
(931, 'Partur', 1),
(932, 'Nahan', 29),
(933, 'Ladwa', 14),
(934, 'Mankachar', 18),
(935, 'Nongstoin', 27),
(936, 'Losal', 8),
(937, 'Sri Madhopur', 8),
(938, 'Ramngarh', 8),
(939, 'Mavelikkara', 21),
(940, 'Rawatsar', 8),
(941, 'Rajakhera', 8),
(942, 'Lar', 9),
(943, 'Lal Gopalganj Nindaura', 9),
(944, 'Muddebihal', 3),
(945, 'Sirsaganj', 9),
(946, 'Shahpura', 8),
(947, 'Surandai', 6),
(948, 'Sangole', 1),
(949, 'Pavagada', 3),
(950, 'Tharad', 4),
(951, 'Mansa', 4),
(952, 'Umbergaon', 4),
(953, 'Mavoor', 21),
(954, 'Nalbari', 18),
(955, 'Talaja', 4),
(956, 'Malur', 3),
(957, 'Mangrulpir', 1),
(958, 'Soro', 20),
(959, 'Shahpura', 8),
(960, 'Vadnagar', 4),
(961, 'Raisinghnagar', 8),
(962, 'Sindhagi', 3),
(963, 'Sanduru', 3),
(964, 'Sohna', 14),
(965, 'Manavadar', 4),
(966, 'Pihani', 9),
(967, 'Safidon', 14),
(968, 'Risod', 1),
(969, 'Rosera', 10),
(970, 'Sankari', 6),
(971, 'Malpura', 8),
(972, 'Sonamukhi', 7),
(973, 'Shamsabad, Agra', 9),
(974, 'Nokha', 10),
(975, 'PandUrban Agglomeration', 7),
(976, 'Mainaguri', 7),
(977, 'Afzalpur', 3),
(978, 'Shirur', 1),
(979, 'Salaya', 4),
(980, 'Shenkottai', 6),
(981, 'Pratapgarh', 24),
(982, 'Vadipatti', 6),
(983, 'Nagarkurnool', 5),
(984, 'Savner', 1),
(985, 'Sasvad', 1),
(986, 'Rudrapur', 9),
(987, 'Soron', 9),
(988, 'Sholingur', 6),
(989, 'Pandharkaoda', 1),
(990, 'Perumbavoor', 21),
(991, 'Maddur', 3),
(992, 'Nadbai', 8),
(993, 'Talode', 1),
(994, 'Shrigonda', 1),
(995, 'Madhugiri', 3),
(996, 'Tekkalakote', 3),
(997, 'Seoni-Malwa', 11),
(998, 'Shirdi', 1),
(999, 'SUrban Agglomerationr', 9),
(1000, 'Terdal', 3),
(1001, 'Raver', 1),
(1002, 'Tirupathur', 6),
(1003, 'Taraori', 14),
(1004, 'Mukhed', 1),
(1005, 'Manachanallur', 6),
(1006, 'Rehli', 11),
(1007, 'Sanchore', 8),
(1008, 'Rajura', 1),
(1009, 'Piro', 10),
(1010, 'Mudabidri', 3),
(1011, 'Vadgaon Kasba', 1),
(1012, 'Nagar', 8),
(1013, 'Vijapur', 4),
(1014, 'Viswanatham', 6),
(1015, 'Polur', 6),
(1016, 'Panagudi', 6),
(1017, 'Manawar', 11),
(1018, 'Tehri', 22),
(1019, 'Samdhan', 9),
(1020, 'Pardi', 4),
(1021, 'Rahatgarh', 11),
(1022, 'Panagar', 11),
(1023, 'Uthiramerur', 6),
(1024, 'Tirora', 1),
(1025, 'Rangia', 18),
(1026, 'Sahjanwa', 9),
(1027, 'Wara Seoni', 11),
(1028, 'Magadi', 3),
(1029, 'Rajgarh (Alwar)', 8),
(1030, 'Rafiganj', 10),
(1031, 'Tarana', 11),
(1032, 'Rampur Maniharan', 9),
(1033, 'Sheoganj', 8),
(1034, 'Raikot', 13),
(1035, 'Pauri', 22),
(1036, 'Sumerpur', 9),
(1037, 'Navalgund', 3),
(1038, 'Shahganj', 9),
(1039, 'Marhaura', 10),
(1040, 'Tulsipur', 9),
(1041, 'Sadri', 8),
(1042, 'Thiruthuraipoondi', 6),
(1043, 'Shiggaon', 3),
(1044, 'Pallapatti', 6),
(1045, 'Mahendragarh', 14),
(1046, 'Sausar', 11),
(1047, 'Ponneri', 6),
(1048, 'Mahad', 1),
(1049, 'Lohardaga', 16),
(1050, 'Tirwaganj', 9),
(1051, 'Margherita', 18),
(1052, 'Sundarnagar', 29),
(1053, 'Rajgarh', 11),
(1054, 'Mangaldoi', 18),
(1055, 'Renigunta', 12),
(1056, 'Longowal', 13),
(1057, 'Ratia', 14),
(1058, 'Lalgudi', 6),
(1059, 'Shrirangapattana', 3),
(1060, 'Niwari', 11),
(1061, 'Natham', 6),
(1062, 'Unnamalaikadai', 6),
(1063, 'PurqUrban Agglomerationzi', 9),
(1064, 'Shamsabad, Farrukhabad', 9),
(1065, 'Mirganj', 10),
(1066, 'Todaraisingh', 8),
(1067, 'Warhapur', 9),
(1068, 'Rajam', 12),
(1069, 'Urmar Tanda', 13),
(1070, 'Lonar', 1),
(1071, 'Powayan', 9),
(1072, 'P.N.Patti', 6),
(1073, 'Palampur', 29),
(1074, 'Srisailam Project (Right Flank Colony) Township', 12),
(1075, 'Sindagi', 3),
(1076, 'Sandi', 9),
(1077, 'Vaikom', 21),
(1078, 'Malda', 7),
(1079, 'Tharangambadi', 6),
(1080, 'Sakaleshapura', 3),
(1081, 'Lalganj', 10),
(1082, 'Malkangiri', 20),
(1083, 'Rapar', 4),
(1084, 'Mauganj', 11),
(1085, 'Todabhim', 8),
(1086, 'Srinivaspur', 3),
(1087, 'Murliganj', 10),
(1088, 'Reengus', 8),
(1089, 'Sawantwadi', 1),
(1090, 'Tittakudi', 6),
(1091, 'Lilong', 28),
(1092, 'Rajaldesar', 8),
(1093, 'Pathardi', 1),
(1094, 'Achhnera', 9),
(1095, 'Pacode', 6),
(1096, 'Naraura', 9),
(1097, 'Nakur', 9),
(1098, 'Palai', 21),
(1099, 'Morinda, India', 13),
(1100, 'Manasa', 11),
(1101, 'Nainpur', 11),
(1102, 'Sahaspur', 9),
(1103, 'Pauni', 1),
(1104, 'Prithvipur', 11),
(1105, 'Ramtek', 1),
(1106, 'Silapathar', 18),
(1107, 'Songadh', 4),
(1108, 'Safipur', 9),
(1109, 'Sohagpur', 11),
(1110, 'Mul', 1),
(1111, 'Sadulshahar', 8),
(1112, 'Phillaur', 13),
(1113, 'Sambhar', 8),
(1114, 'Prantij', 8),
(1115, 'Nagla', 22),
(1116, 'Pattran', 13),
(1117, 'Mount Abu', 8),
(1118, 'Reoti', 9),
(1119, 'Tenu dam-cum-Kathhara', 16),
(1120, 'Panchla', 7),
(1121, 'Sitarganj', 22),
(1122, 'Pasighat', 33),
(1123, 'Motipur', 10),
(1124, 'O'' Valley', 6),
(1125, 'Raghunathpur', 7),
(1126, 'Suriyampalayam', 6),
(1127, 'Qadian', 13),
(1128, 'Rairangpur', 20),
(1129, 'Silvassa', 34),
(1130, 'Nowrozabad (Khodargama)', 11),
(1131, 'Mangrol', 8),
(1132, 'Soyagaon', 1),
(1133, 'Sujanpur', 13),
(1134, 'Manihari', 10),
(1135, 'Sikanderpur', 9),
(1136, 'Mangalvedhe', 1),
(1137, 'Phulera', 8),
(1138, 'Ron', 3),
(1139, 'Sholavandan', 6),
(1140, 'Saidpur', 9),
(1141, 'Shamgarh', 11),
(1142, 'Thammampatti', 6),
(1143, 'Maharajpur', 11),
(1144, 'Multai', 11),
(1145, 'Mukerian', 13),
(1146, 'Sirsi', 9),
(1147, 'Purwa', 9),
(1148, 'Sheohar', 10),
(1149, 'Namagiripettai', 6),
(1150, 'Parasi', 9),
(1151, 'Lathi', 4),
(1152, 'Lalganj', 9),
(1153, 'Narkhed', 1),
(1154, 'Mathabhanga', 7),
(1155, 'Shendurjana', 1),
(1156, 'Peravurani', 6),
(1157, 'Mariani', 18),
(1158, 'Phulpur', 9),
(1159, 'Rania', 14),
(1160, 'Pali', 11),
(1161, 'Pachore', 11),
(1162, 'Parangipettai', 6),
(1163, 'Pudupattinam', 6),
(1164, 'Panniyannur', 21),
(1165, 'Maharajganj', 10),
(1166, 'Rau', 11),
(1167, 'Monoharpur', 7),
(1168, 'Mandawa', 8),
(1169, 'Marigaon', 18),
(1170, 'Pallikonda', 6),
(1171, 'Pindwara', 8),
(1172, 'Shishgarh', 9),
(1173, 'Patur', 1),
(1174, 'Mayang Imphal', 28),
(1175, 'Mhowgaon', 11),
(1176, 'Guruvayoor', 21),
(1177, 'Mhaswad', 1),
(1178, 'Sahawar', 9),
(1179, 'Sivagiri', 6),
(1180, 'Mundargi', 3),
(1181, 'Punjaipugalur', 6),
(1182, 'Kailasahar', 24),
(1183, 'Samthar', 9),
(1184, 'Sakti', 17),
(1185, 'Sadalagi', 3),
(1186, 'Silao', 10),
(1187, 'Mandalgarh', 8),
(1188, 'Loha', 1),
(1189, 'Pukhrayan', 9),
(1190, 'Padmanabhapuram', 6),
(1191, 'Belonia', 24),
(1192, 'Saiha', 26),
(1193, 'Srirampore', 7),
(1194, 'Talwara', 13),
(1195, 'Puthuppally', 21),
(1196, 'Khowai', 24),
(1197, 'Vijaypur', 11),
(1198, 'Takhatgarh', 8),
(1199, 'Thirupuvanam', 6),
(1200, 'Adra', 7),
(1201, 'Piriyapatna', 3),
(1202, 'Obra', 9),
(1203, 'Adalaj', 4),
(1204, 'Nandgaon', 1),
(1205, 'Barh', 10),
(1206, 'Chhapra', 4),
(1207, 'Panamattom', 21),
(1208, 'Niwai', 9),
(1209, 'Bageshwar', 22),
(1210, 'Tarbha', 20),
(1211, 'Adyar', 3),
(1212, 'Narsinghgarh', 11),
(1213, 'Warud', 1),
(1214, 'Asarganj', 10),
(1215, 'Sarsod', 14);

-- --------------------------------------------------------

--
-- Table structure for table `m_country`
--

CREATE TABLE IF NOT EXISTS `m_country` (
  `cntry_id` int(11) NOT NULL,
  `cntry_name` varchar(100) NOT NULL
) ENGINE=InnoDB AUTO_INCREMENT=2 DEFAULT CHARSET=latin1;

--
-- Dumping data for table `m_country`
--

INSERT INTO `m_country` (`cntry_id`, `cntry_name`) VALUES
(1, 'India');

-- --------------------------------------------------------

--
-- Table structure for table `m_pincode`
--

CREATE TABLE IF NOT EXISTS `m_pincode` (
  `pc_id` int(11) NOT NULL,
  `pc_pincode` text NOT NULL,
  `city_id` int(11) NOT NULL
) ENGINE=InnoDB DEFAULT CHARSET=latin1;

-- --------------------------------------------------------

--
-- Table structure for table `m_state`
--

CREATE TABLE IF NOT EXISTS `m_state` (
  `st_id` int(11) NOT NULL,
  `st_name` varchar(100) NOT NULL,
  `country_id` int(11) NOT NULL
) ENGINE=InnoDB AUTO_INCREMENT=35 DEFAULT CHARSET=latin1;

--
-- Dumping data for table `m_state`
--

INSERT INTO `m_state` (`st_id`, `st_name`, `country_id`) VALUES
(1, 'Maharashtra', 1),
(2, 'Delhi', 1),
(3, 'Karnataka', 1),
(4, 'Gujarat', 1),
(5, 'Telangana', 1),
(6, 'Tamil Nadu', 1),
(7, 'West Bengal', 1),
(8, 'Rajasthan', 1),
(9, 'Uttar Pradesh', 1),
(10, 'Bihar', 1),
(11, 'Madhya Pradesh', 1),
(12, 'Andhra Pradesh', 1),
(13, 'Punjab', 1),
(14, 'Haryana', 1),
(15, 'Jammu and Kashmir', 1),
(16, 'Jharkhand', 1),
(17, 'Chhattisgarh', 1),
(18, 'Assam', 1),
(19, 'Chandigarh', 1),
(20, 'Odisha', 1),
(21, 'Kerala', 1),
(22, 'Uttarakhand', 1),
(23, 'Puducherry', 1),
(24, 'Tripura', 1),
(25, 'Karnatka', 1),
(26, 'Mizoram', 1),
(27, 'Meghalaya', 1),
(28, 'Manipur', 1),
(29, 'Himachal Pradesh', 1),
(30, 'Nagaland', 1),
(31, 'Goa', 1),
(32, 'Andaman and Nicobar Islands', 1),
(33, 'Arunachal Pradesh', 1),
(34, 'Dadra and Nagar Haveli', 1);

-- --------------------------------------------------------

--
-- Table structure for table `table_doctor`
--

CREATE TABLE IF NOT EXISTS `table_doctor` (
  `du_id` int(11) NOT NULL,
  `du_name` varchar(255) NOT NULL,
  `du_email` varchar(255) NOT NULL,
  `du_phone_no` text NOT NULL,
  `du_pic` varchar(255) NOT NULL,
  `du_password` varchar(255) NOT NULL,
  `du_address` text NOT NULL,
  `du_city` varchar(150) NOT NULL,
  `du_district` varchar(150) NOT NULL,
  `du_state` varchar(100) NOT NULL,
  `du_pincode` text NOT NULL,
  `remember_token` text NOT NULL,
  `specializaton` varchar(150) NOT NULL,
  `qualification` text NOT NULL,
  `created_at` datetime NOT NULL,
  `updated_at` datetime NOT NULL
) ENGINE=InnoDB DEFAULT CHARSET=latin1;

-- --------------------------------------------------------

--
-- Table structure for table `table_user`
--

CREATE TABLE IF NOT EXISTS `table_user` (
  `user_id` int(11) NOT NULL,
  `user_name` varchar(255) NOT NULL,
  `user_email` varchar(255) NOT NULL,
  `user_phone_no` text NOT NULL,
  `user_pic` varchar(255) NOT NULL,
  `user_password` varchar(255) NOT NULL,
  `user_address` text NOT NULL,
  `user_city` varchar(150) NOT NULL,
  `user_district` varchar(150) NOT NULL,
  `user_state` varchar(100) NOT NULL,
  `user_pincode` text NOT NULL,
  `remember_token` text NOT NULL,
  `created_at` datetime NOT NULL,
  `updated_at` datetime NOT NULL
) ENGINE=InnoDB DEFAULT CHARSET=latin1;

--
-- Indexes for dumped tables
--

--
-- Indexes for table `doctor_availability`
--
ALTER TABLE `doctor_availability`
  ADD PRIMARY KEY (`id`);

--
-- Indexes for table `doctor_availability_place`
--
ALTER TABLE `doctor_availability_place`
  ADD PRIMARY KEY (`id`);

--
-- Indexes for table `doctor_timeslot`
--
ALTER TABLE `doctor_timeslot`
  ADD PRIMARY KEY (`doctor_timeslot_id`);

--
-- Indexes for table `fix_appointment`
--
ALTER TABLE `fix_appointment`
  ADD PRIMARY KEY (`id`);

--
-- Indexes for table `m_city`
--
ALTER TABLE `m_city`
  ADD PRIMARY KEY (`cty_id`);

--
-- Indexes for table `m_country`
--
ALTER TABLE `m_country`
  ADD PRIMARY KEY (`cntry_id`);

--
-- Indexes for table `m_pincode`
--
ALTER TABLE `m_pincode`
  ADD PRIMARY KEY (`pc_id`);

--
-- Indexes for table `m_state`
--
ALTER TABLE `m_state`
  ADD PRIMARY KEY (`st_id`);

--
-- Indexes for table `table_doctor`
--
ALTER TABLE `table_doctor`
  ADD PRIMARY KEY (`du_id`);

--
-- Indexes for table `table_user`
--
ALTER TABLE `table_user`
  ADD PRIMARY KEY (`user_id`);

--
-- AUTO_INCREMENT for dumped tables
--

--
-- AUTO_INCREMENT for table `doctor_availability`
--
ALTER TABLE `doctor_availability`
  MODIFY `id` int(11) NOT NULL AUTO_INCREMENT,AUTO_INCREMENT=5;
--
-- AUTO_INCREMENT for table `doctor_availability_place`
--
ALTER TABLE `doctor_availability_place`
  MODIFY `id` int(11) NOT NULL AUTO_INCREMENT,AUTO_INCREMENT=3;
--
-- AUTO_INCREMENT for table `doctor_timeslot`
--
ALTER TABLE `doctor_timeslot`
  MODIFY `doctor_timeslot_id` int(11) NOT NULL AUTO_INCREMENT,AUTO_INCREMENT=5;
--
-- AUTO_INCREMENT for table `fix_appointment`
--
ALTER TABLE `fix_appointment`
  MODIFY `id` int(11) NOT NULL AUTO_INCREMENT;
--
-- AUTO_INCREMENT for table `m_city`
--
ALTER TABLE `m_city`
  MODIFY `cty_id` int(11) NOT NULL AUTO_INCREMENT,AUTO_INCREMENT=1216;
--
-- AUTO_INCREMENT for table `m_country`
--
ALTER TABLE `m_country`
  MODIFY `cntry_id` int(11) NOT NULL AUTO_INCREMENT,AUTO_INCREMENT=2;
--
-- AUTO_INCREMENT for table `m_pincode`
--
ALTER TABLE `m_pincode`
  MODIFY `pc_id` int(11) NOT NULL AUTO_INCREMENT;
--
-- AUTO_INCREMENT for table `m_state`
--
ALTER TABLE `m_state`
  MODIFY `st_id` int(11) NOT NULL AUTO_INCREMENT,AUTO_INCREMENT=35;
--
-- AUTO_INCREMENT for table `table_doctor`
--
ALTER TABLE `table_doctor`
  MODIFY `du_id` int(11) NOT NULL AUTO_INCREMENT;
--
-- AUTO_INCREMENT for table `table_user`
--
ALTER TABLE `table_user`
  MODIFY `user_id` int(11) NOT NULL AUTO_INCREMENT;
/*!40101 SET CHARACTER_SET_CLIENT=@OLD_CHARACTER_SET_CLIENT */;
/*!40101 SET CHARACTER_SET_RESULTS=@OLD_CHARACTER_SET_RESULTS */;
/*!40101 SET COLLATION_CONNECTION=@OLD_COLLATION_CONNECTION */;
